--
-- PostgreSQL database dump
--

-- Dumped from database version 15.8
-- Dumped by pg_dump version 17.0

-- Started on 2025-06-06 17:00:35

SET statement_timeout = 0;
SET lock_timeout = 0;
SET idle_in_transaction_session_timeout = 0;
SET transaction_timeout = 0;
SET client_encoding = 'UTF8';
SET standard_conforming_strings = on;
SELECT pg_catalog.set_config('search_path', '', false);
SET check_function_bodies = false;
SET xmloption = content;
SET client_min_messages = warning;
SET row_security = off;

--
-- TOC entry 22 (class 2615 OID 2200)
-- Name: public; Type: SCHEMA; Schema: -; Owner: pg_database_owner
--

--CREATE SCHEMA public;


ALTER SCHEMA public OWNER TO pg_database_owner;

--
-- TOC entry 3951 (class 0 OID 0)
-- Dependencies: 22
-- Name: SCHEMA public; Type: COMMENT; Schema: -; Owner: pg_database_owner
--

COMMENT ON SCHEMA public IS 'standard public schema';


SET default_tablespace = '';

SET default_table_access_method = heap;

--
-- TOC entry 320 (class 1259 OID 17643)
-- Name: admin; Type: TABLE; Schema: public; Owner: postgres
--

CREATE TABLE public.admin (
    id bigint NOT NULL,
    name character varying,
    email character varying,
    password character varying
);


ALTER TABLE public.admin OWNER TO supabase_admin;

--
-- TOC entry 321 (class 1259 OID 17648)
-- Name: admin_id_seq; Type: SEQUENCE; Schema: public; Owner: postgres
--

ALTER TABLE public.admin ALTER COLUMN id ADD GENERATED BY DEFAULT AS IDENTITY (
    SEQUENCE NAME public.admin_id_seq
    START WITH 1
    INCREMENT BY 1
    NO MINVALUE
    NO MAXVALUE
    CACHE 1
);


--
-- TOC entry 322 (class 1259 OID 17649)
-- Name: barstructure; Type: TABLE; Schema: public; Owner: postgres
--

CREATE TABLE public.barstructure (
    id integer NOT NULL,
    name character varying(255) NOT NULL,
    price double precision NOT NULL
);


ALTER TABLE public.barstructure OWNER TO supabase_admin;

--
-- TOC entry 323 (class 1259 OID 17652)
-- Name: barstructure_id_seq; Type: SEQUENCE; Schema: public; Owner: postgres
--

CREATE SEQUENCE public.barstructure_id_seq
    AS integer
    START WITH 1
    INCREMENT BY 1
    NO MINVALUE
    NO MAXVALUE
    CACHE 1;


ALTER SEQUENCE public.barstructure_id_seq OWNER TO supabase_admin;

--
-- TOC entry 3956 (class 0 OID 0)
-- Dependencies: 323
-- Name: barstructure_id_seq; Type: SEQUENCE OWNED BY; Schema: public; Owner: postgres
--

ALTER SEQUENCE public.barstructure_id_seq OWNED BY public.barstructure.id;


--
-- TOC entry 324 (class 1259 OID 17653)
-- Name: customer; Type: TABLE; Schema: public; Owner: postgres
--

CREATE TABLE public.customer (
    id bigint NOT NULL,
    name character varying NOT NULL,
    email character varying NOT NULL,
    password character varying NOT NULL,
    telephone character varying NOT NULL
);


ALTER TABLE public.customer OWNER TO supabase_admin;

--
-- TOC entry 325 (class 1259 OID 17658)
-- Name: costumer_id_seq; Type: SEQUENCE; Schema: public; Owner: postgres
--

ALTER TABLE public.customer ALTER COLUMN id ADD GENERATED BY DEFAULT AS IDENTITY (
    SEQUENCE NAME public.costumer_id_seq
    START WITH 1
    INCREMENT BY 1
    NO MINVALUE
    NO MAXVALUE
    CACHE 1
);


--
-- TOC entry 346 (class 1259 OID 34957)
-- Name: notifications; Type: TABLE; Schema: public; Owner: postgres
--

CREATE TABLE public.notifications (
    id integer NOT NULL,
    customer_id integer NOT NULL,
    title text NOT NULL,
    content text NOT NULL,
    page text NOT NULL,
    created_at timestamp without time zone DEFAULT CURRENT_TIMESTAMP NOT NULL,
    updated_at timestamp without time zone DEFAULT CURRENT_TIMESTAMP NOT NULL,
    is_read boolean DEFAULT false NOT NULL
);


ALTER TABLE public.notifications OWNER TO supabase_admin;

--
-- TOC entry 345 (class 1259 OID 34956)
-- Name: notifications_id_seq; Type: SEQUENCE; Schema: public; Owner: postgres
--

CREATE SEQUENCE public.notifications_id_seq
    AS integer
    START WITH 1
    INCREMENT BY 1
    NO MINVALUE
    NO MAXVALUE
    CACHE 1;


ALTER SEQUENCE public.notifications_id_seq OWNER TO supabase_admin;

--
-- TOC entry 3961 (class 0 OID 0)
-- Dependencies: 345
-- Name: notifications_id_seq; Type: SEQUENCE OWNED BY; Schema: public; Owner: postgres
--

ALTER SEQUENCE public.notifications_id_seq OWNED BY public.notifications.id;


--
-- TOC entry 326 (class 1259 OID 17659)
-- Name: packhasproduct; Type: TABLE; Schema: public; Owner: postgres
--

CREATE TABLE public.packhasproduct (
    id integer NOT NULL,
    product_id integer,
    pack_id integer,
    quantity integer NOT NULL
);


ALTER TABLE public.packhasproduct OWNER TO supabase_admin;

--
-- TOC entry 327 (class 1259 OID 17662)
-- Name: packs; Type: TABLE; Schema: public; Owner: postgres
--

CREATE TABLE public.packs (
    id integer NOT NULL,
    price double precision NOT NULL,
    structure_id integer,
    name character varying(255) NOT NULL,
    event_type character varying(255) NOT NULL,
    guest_count integer NOT NULL
);


ALTER TABLE public.packs OWNER TO supabase_admin;

--
-- TOC entry 328 (class 1259 OID 17667)
-- Name: product; Type: TABLE; Schema: public; Owner: postgres
--

CREATE TABLE public.product (
    id integer NOT NULL,
    name character varying(255) NOT NULL,
    price double precision NOT NULL,
    category character varying NOT NULL,
    img_url character varying NOT NULL
);


ALTER TABLE public.product OWNER TO supabase_admin;

--
-- TOC entry 329 (class 1259 OID 17672)
-- Name: products_id_seq; Type: SEQUENCE; Schema: public; Owner: postgres
--

CREATE SEQUENCE public.products_id_seq
    AS integer
    START WITH 1
    INCREMENT BY 1
    NO MINVALUE
    NO MAXVALUE
    CACHE 1;


ALTER SEQUENCE public.products_id_seq OWNER TO supabase_admin;

--
-- TOC entry 3966 (class 0 OID 0)
-- Dependencies: 329
-- Name: products_id_seq; Type: SEQUENCE OWNED BY; Schema: public; Owner: postgres
--

ALTER SEQUENCE public.products_id_seq OWNED BY public.product.id;


--
-- TOC entry 330 (class 1259 OID 17673)
-- Name: sales; Type: TABLE; Schema: public; Owner: postgres
--

CREATE TABLE public.sales (
    id integer NOT NULL,
    product_id integer,
    discount_percentage integer NOT NULL,
    pack_id integer,
    expire_date date,
    name character varying(255) NOT NULL
);


ALTER TABLE public.sales OWNER TO supabase_admin;

--
-- TOC entry 331 (class 1259 OID 17676)
-- Name: sale_id_seq; Type: SEQUENCE; Schema: public; Owner: postgres
--

CREATE SEQUENCE public.sale_id_seq
    AS integer
    START WITH 1
    INCREMENT BY 1
    NO MINVALUE
    NO MAXVALUE
    CACHE 1;


ALTER SEQUENCE public.sale_id_seq OWNER TO supabase_admin;

--
-- TOC entry 3969 (class 0 OID 0)
-- Dependencies: 331
-- Name: sale_id_seq; Type: SEQUENCE OWNED BY; Schema: public; Owner: postgres
--

ALTER SEQUENCE public.sale_id_seq OWNED BY public.sales.id;


--
-- TOC entry 332 (class 1259 OID 17677)
-- Name: servicehasproduct_id_seq; Type: SEQUENCE; Schema: public; Owner: postgres
--

CREATE SEQUENCE public.servicehasproduct_id_seq
    AS integer
    START WITH 1
    INCREMENT BY 1
    NO MINVALUE
    NO MAXVALUE
    CACHE 1;


ALTER SEQUENCE public.servicehasproduct_id_seq OWNER TO supabase_admin;

--
-- TOC entry 3971 (class 0 OID 0)
-- Dependencies: 332
-- Name: servicehasproduct_id_seq; Type: SEQUENCE OWNED BY; Schema: public; Owner: postgres
--

ALTER SEQUENCE public.servicehasproduct_id_seq OWNED BY public.packhasproduct.id;


--
-- TOC entry 333 (class 1259 OID 17678)
-- Name: services_id_seq; Type: SEQUENCE; Schema: public; Owner: postgres
--

CREATE SEQUENCE public.services_id_seq
    AS integer
    START WITH 1
    INCREMENT BY 1
    NO MINVALUE
    NO MAXVALUE
    CACHE 1;


ALTER SEQUENCE public.services_id_seq OWNER TO supabase_admin;

--
-- TOC entry 3973 (class 0 OID 0)
-- Dependencies: 333
-- Name: services_id_seq; Type: SEQUENCE OWNED BY; Schema: public; Owner: postgres
--

ALTER SEQUENCE public.services_id_seq OWNED BY public.packs.id;


--
-- TOC entry 3743 (class 2604 OID 17745)
-- Name: barstructure id; Type: DEFAULT; Schema: public; Owner: postgres
--

ALTER TABLE ONLY public.barstructure ALTER COLUMN id SET DEFAULT nextval('public.barstructure_id_seq'::regclass);


--
-- TOC entry 3748 (class 2604 OID 34960)
-- Name: notifications id; Type: DEFAULT; Schema: public; Owner: postgres
--

ALTER TABLE ONLY public.notifications ALTER COLUMN id SET DEFAULT nextval('public.notifications_id_seq'::regclass);


--
-- TOC entry 3744 (class 2604 OID 17746)
-- Name: packhasproduct id; Type: DEFAULT; Schema: public; Owner: postgres
--

ALTER TABLE ONLY public.packhasproduct ALTER COLUMN id SET DEFAULT nextval('public.servicehasproduct_id_seq'::regclass);


--
-- TOC entry 3745 (class 2604 OID 17747)
-- Name: packs id; Type: DEFAULT; Schema: public; Owner: postgres
--

ALTER TABLE ONLY public.packs ALTER COLUMN id SET DEFAULT nextval('public.services_id_seq'::regclass);


--
-- TOC entry 3746 (class 2604 OID 17748)
-- Name: product id; Type: DEFAULT; Schema: public; Owner: postgres
--

ALTER TABLE ONLY public.product ALTER COLUMN id SET DEFAULT nextval('public.products_id_seq'::regclass);


--
-- TOC entry 3747 (class 2604 OID 17749)
-- Name: sales id; Type: DEFAULT; Schema: public; Owner: postgres
--

ALTER TABLE ONLY public.sales ALTER COLUMN id SET DEFAULT nextval('public.sale_id_seq'::regclass);


--
-- TOC entry 3930 (class 0 OID 17643)
-- Dependencies: 320
-- Data for Name: admin; Type: TABLE DATA; Schema: public; Owner: postgres
--

COPY public.admin (id, name, email, password) FROM stdin;
1	admin	admin@example.com	$2b$12$oa4AkrzsU2MmnZCSAntbEOJ6tZwRGowobfjgBddsra0b3VKebyPn.
\.


--
-- TOC entry 3932 (class 0 OID 17649)
-- Dependencies: 322
-- Data for Name: barstructure; Type: TABLE DATA; Schema: public; Owner: postgres
--

COPY public.barstructure (id, name, price) FROM stdin;
2	testando	150
4	teste	99.99
6	nome	10
\.


--
-- TOC entry 3934 (class 0 OID 17653)
-- Dependencies: 324
-- Data for Name: customer; Type: TABLE DATA; Schema: public; Owner: postgres
--

COPY public.customer (id, name, email, password, telephone) FROM stdin;
2	testing update costumer	teste2@example.com	$2b$12$kuw6S0zPCkhZEju7ARYUJeU9CC5bbHYOzj7lQpwF3v9GMM.uIT6LW	(32) 91234-5678
8	Testing app register	appRegister@example.com	$2b$12$aq97LXCTMKa6fMMhDhONb.pWjAR7ACPceqw82YpLpE37HCxBeilA2	12 99234-5678
10	Testing repeated email	testing@example.com	$2b$12$DANd7hkWZMPAhoOmClOCy.ROOgTCVYY9K2DvITgiTR3qG.nkxzZC.	(12) 91234-5678
11	Testing auth flow	authflow@example.com	$2b$12$Cnwicf6eOQ0Fi1gZ/F6B2.pEec0uzAYX5ulgji2oJXu9fa9EScD0m	(12) 91234-5678
12	markin	markin@gmail.com	$2b$12$NO8NXBWJhvZdGcQNNlpahOF/0fuxWWmVomf1AbQ.2XIfGeiqzye4i	12345678901
1	Gabriel	teste@example.com	$2b$12$anaiH7dR3VybWs9XOt.cc.LaQKS55is.3DgFey1p3VflOJF46jY3e	(00) 91234-5678
13	Mathz	gigantudoalvinegro92@gmail.com	$2b$12$PKcn2e9t5iRCrBhOARKFBeNYW//62ISs1hNbq0Rfd4.8zuFFeV8Mm	92992929292
\.


--
-- TOC entry 3945 (class 0 OID 34957)
-- Dependencies: 346
-- Data for Name: notifications; Type: TABLE DATA; Schema: public; Owner: postgres
--

COPY public.notifications (id, customer_id, title, content, page, created_at, updated_at, is_read) FROM stdin;
11	13	Pedido #6837a756f421a92d4c082cdf confirmado	Seu pedido para o dia 2025-06-29T00:15:00.205000 foi confirmado com sucesso!	/(drawer)/(tabs)/history/6837a756f421a92d4c082cdf	2025-05-29 00:20:06.880154	2025-05-31 01:24:36.098231	t
12	13	Pedido #683a5827cdad42271586ffb3 confirmado	Seu pedido para o dia 2025-06-14T15:30:00.821000 foi confirmado com sucesso!	/(drawer)/(tabs)/history/683a5827cdad42271586ffb3	2025-05-31 01:18:02.708598	2025-05-31 01:27:09.077644	t
13	13	Pedido #683ae934ec7cf44659299386 confirmado	Seu pedido para o dia 2025-08-13T15:25:00.348000 foi confirmado com sucesso!	/(drawer)/(tabs)/history/683ae934ec7cf44659299386	2025-05-31 11:35:57.371355	2025-05-31 13:27:33.819733	t
10	1	Pedido #6836277c4c43420cd5db9277 confirmado	Seu pedido para o dia 2025-05-27T20:58:22.305000 foi confirmado com sucesso!	/(drawer)/(tabs)/history/6836277c4c43420cd5db9277	2025-05-28 18:58:35.802847	2025-05-31 13:29:45.892226	t
14	1	Pedido #6838fa393bebc558a2b2c69b confirmado	Seu pedido para o dia 2025-05-31T09:21:00.145000 foi confirmado com sucesso!	/(drawer)/(tabs)/history/6838fa393bebc558a2b2c69b	2025-06-01 22:42:43.2948	2025-06-01 22:53:08.604703	t
9	1	Pedido #6836277c4c43420cd5db9277 confirmado	Seu pedido para o dia 2025-05-27T20:58:22.305000 foi confirmado com sucesso!	/(drawer)/(tabs)/history/6836277c4c43420cd5db9277	2025-05-28 17:33:02.99802	2025-05-30 00:13:39.898907	t
\.


--
-- TOC entry 3936 (class 0 OID 17659)
-- Dependencies: 326
-- Data for Name: packhasproduct; Type: TABLE DATA; Schema: public; Owner: postgres
--

COPY public.packhasproduct (id, product_id, pack_id, quantity) FROM stdin;
46	2	13	10
47	21	13	5
48	2	32	435
49	2	33	435
50	2	31	10
51	21	31	5
\.


--
-- TOC entry 3937 (class 0 OID 17662)
-- Dependencies: 327
-- Data for Name: packs; Type: TABLE DATA; Schema: public; Owner: postgres
--

COPY public.packs (id, price, structure_id, name, event_type, guest_count) FROM stdin;
1	10	2	teste	teste	100
3	199.99	4	Pacote teste	Festa de casamento	999
13	200	2	teste cache	string	0
32	231313	4	dsadasda	dsadas	32131
33	231313	4	teste cache	dsadas	32131
31	200	2	teste cache	string	0
\.


--
-- TOC entry 3938 (class 0 OID 17667)
-- Dependencies: 328
-- Data for Name: product; Type: TABLE DATA; Schema: public; Owner: postgres
--

COPY public.product (id, name, price, category, img_url) FROM stdin;
2	pina colada	50	tropical drinks	https://res.cloudinary.com/duxmkrglm/image/upload/v1745885693/meu_projeto/gaa08eswzec6uwaqxous.jpg
21	CPG 2024	10	Nova categoria	https://res.cloudinary.com/duxmkrglm/image/upload/v1746828748/meu_projeto/fivihtu59gg1addzhayh.png
3	pisco	100	tropical drinks	https://res.cloudinary.com/duxmkrglm/image/upload/v1745630681/meu_projeto/cu5wiadtyksdztrpgc5t.jpg
\.


--
-- TOC entry 3940 (class 0 OID 17673)
-- Dependencies: 330
-- Data for Name: sales; Type: TABLE DATA; Schema: public; Owner: postgres
--

COPY public.sales (id, product_id, discount_percentage, pack_id, expire_date, name) FROM stdin;
1	2	0	1	2025-04-30	teste sale
12	\N	15	1	2025-09-01	Patrão Enlouqueceu
13	3	20	\N	2025-09-03	Patrão Enlouqueceu 2.0
8	3	30	\N	2025-08-20	Promoção Pacote de teste
\.


--
-- TOC entry 3975 (class 0 OID 0)
-- Dependencies: 321
-- Name: admin_id_seq; Type: SEQUENCE SET; Schema: public; Owner: postgres
--

SELECT pg_catalog.setval('public.admin_id_seq', 5, true);


--
-- TOC entry 3976 (class 0 OID 0)
-- Dependencies: 323
-- Name: barstructure_id_seq; Type: SEQUENCE SET; Schema: public; Owner: postgres
--

SELECT pg_catalog.setval('public.barstructure_id_seq', 38, true);


--
-- TOC entry 3977 (class 0 OID 0)
-- Dependencies: 325
-- Name: costumer_id_seq; Type: SEQUENCE SET; Schema: public; Owner: postgres
--

SELECT pg_catalog.setval('public.costumer_id_seq', 13, true);


--
-- TOC entry 3978 (class 0 OID 0)
-- Dependencies: 345
-- Name: notifications_id_seq; Type: SEQUENCE SET; Schema: public; Owner: postgres
--

SELECT pg_catalog.setval('public.notifications_id_seq', 14, true);


--
-- TOC entry 3979 (class 0 OID 0)
-- Dependencies: 329
-- Name: products_id_seq; Type: SEQUENCE SET; Schema: public; Owner: postgres
--

SELECT pg_catalog.setval('public.products_id_seq', 29, true);


--
-- TOC entry 3980 (class 0 OID 0)
-- Dependencies: 331
-- Name: sale_id_seq; Type: SEQUENCE SET; Schema: public; Owner: postgres
--

SELECT pg_catalog.setval('public.sale_id_seq', 31, true);


--
-- TOC entry 3981 (class 0 OID 0)
-- Dependencies: 332
-- Name: servicehasproduct_id_seq; Type: SEQUENCE SET; Schema: public; Owner: postgres
--

SELECT pg_catalog.setval('public.servicehasproduct_id_seq', 51, true);


--
-- TOC entry 3982 (class 0 OID 0)
-- Dependencies: 333
-- Name: services_id_seq; Type: SEQUENCE SET; Schema: public; Owner: postgres
--

SELECT pg_catalog.setval('public.services_id_seq', 39, true);


--
-- TOC entry 3753 (class 2606 OID 17795)
-- Name: admin admin_email_key; Type: CONSTRAINT; Schema: public; Owner: postgres
--

ALTER TABLE ONLY public.admin
    ADD CONSTRAINT admin_email_key UNIQUE (email);


--
-- TOC entry 3755 (class 2606 OID 17797)
-- Name: admin admin_pkey; Type: CONSTRAINT; Schema: public; Owner: postgres
--

ALTER TABLE ONLY public.admin
    ADD CONSTRAINT admin_pkey PRIMARY KEY (id);


--
-- TOC entry 3757 (class 2606 OID 17799)
-- Name: barstructure barstructure_pkey; Type: CONSTRAINT; Schema: public; Owner: postgres
--

ALTER TABLE ONLY public.barstructure
    ADD CONSTRAINT barstructure_pkey PRIMARY KEY (id);


--
-- TOC entry 3759 (class 2606 OID 17801)
-- Name: customer costumer_email_key; Type: CONSTRAINT; Schema: public; Owner: postgres
--

ALTER TABLE ONLY public.customer
    ADD CONSTRAINT costumer_email_key UNIQUE (email);


--
-- TOC entry 3761 (class 2606 OID 17803)
-- Name: customer costumer_pkey; Type: CONSTRAINT; Schema: public; Owner: postgres
--

ALTER TABLE ONLY public.customer
    ADD CONSTRAINT costumer_pkey PRIMARY KEY (id);


--
-- TOC entry 3771 (class 2606 OID 34966)
-- Name: notifications notifications_pkey; Type: CONSTRAINT; Schema: public; Owner: postgres
--

ALTER TABLE ONLY public.notifications
    ADD CONSTRAINT notifications_pkey PRIMARY KEY (id);


--
-- TOC entry 3767 (class 2606 OID 17805)
-- Name: product products_pkey; Type: CONSTRAINT; Schema: public; Owner: postgres
--

ALTER TABLE ONLY public.product
    ADD CONSTRAINT products_pkey PRIMARY KEY (id);


--
-- TOC entry 3769 (class 2606 OID 17807)
-- Name: sales sale_pkey; Type: CONSTRAINT; Schema: public; Owner: postgres
--

ALTER TABLE ONLY public.sales
    ADD CONSTRAINT sale_pkey PRIMARY KEY (id);


--
-- TOC entry 3763 (class 2606 OID 17809)
-- Name: packhasproduct servicehasproduct_pkey; Type: CONSTRAINT; Schema: public; Owner: postgres
--

ALTER TABLE ONLY public.packhasproduct
    ADD CONSTRAINT servicehasproduct_pkey PRIMARY KEY (id);


--
-- TOC entry 3765 (class 2606 OID 17811)
-- Name: packs services_pkey; Type: CONSTRAINT; Schema: public; Owner: postgres
--

ALTER TABLE ONLY public.packs
    ADD CONSTRAINT services_pkey PRIMARY KEY (id);


--
-- TOC entry 3777 (class 2606 OID 34967)
-- Name: notifications fk_customer; Type: FK CONSTRAINT; Schema: public; Owner: postgres
--

ALTER TABLE ONLY public.notifications
    ADD CONSTRAINT fk_customer FOREIGN KEY (customer_id) REFERENCES public.customer(id);


--
-- TOC entry 3772 (class 2606 OID 17943)
-- Name: packhasproduct packhasproduct_pack_id_fkey; Type: FK CONSTRAINT; Schema: public; Owner: postgres
--

ALTER TABLE ONLY public.packhasproduct
    ADD CONSTRAINT packhasproduct_pack_id_fkey FOREIGN KEY (pack_id) REFERENCES public.packs(id);


--
-- TOC entry 3773 (class 2606 OID 17948)
-- Name: packhasproduct packhasproduct_product_id_fkey; Type: FK CONSTRAINT; Schema: public; Owner: postgres
--

ALTER TABLE ONLY public.packhasproduct
    ADD CONSTRAINT packhasproduct_product_id_fkey FOREIGN KEY (product_id) REFERENCES public.product(id);


--
-- TOC entry 3775 (class 2606 OID 17953)
-- Name: sales sale_product_id_fkey; Type: FK CONSTRAINT; Schema: public; Owner: postgres
--

ALTER TABLE ONLY public.sales
    ADD CONSTRAINT sale_product_id_fkey FOREIGN KEY (product_id) REFERENCES public.product(id);


--
-- TOC entry 3776 (class 2606 OID 17958)
-- Name: sales sales_pack_id_fkey; Type: FK CONSTRAINT; Schema: public; Owner: postgres
--

ALTER TABLE ONLY public.sales
    ADD CONSTRAINT sales_pack_id_fkey FOREIGN KEY (pack_id) REFERENCES public.packs(id);


--
-- TOC entry 3774 (class 2606 OID 17963)
-- Name: packs services_structure_id_fkey; Type: FK CONSTRAINT; Schema: public; Owner: postgres
--

ALTER TABLE ONLY public.packs
    ADD CONSTRAINT services_structure_id_fkey FOREIGN KEY (structure_id) REFERENCES public.barstructure(id);


--
-- TOC entry 3927 (class 0 OID 17643)
-- Dependencies: 320
-- Name: admin; Type: ROW SECURITY; Schema: public; Owner: postgres
--

ALTER TABLE public.admin ENABLE ROW LEVEL SECURITY;

--
-- TOC entry 3928 (class 0 OID 17653)
-- Dependencies: 324
-- Name: customer; Type: ROW SECURITY; Schema: public; Owner: postgres
--

ALTER TABLE public.customer ENABLE ROW LEVEL SECURITY;

--
-- TOC entry 3952 (class 0 OID 0)
-- Dependencies: 22
-- Name: SCHEMA public; Type: ACL; Schema: -; Owner: pg_database_owner
--

GRANT USAGE ON SCHEMA public TO supabase_admin;
